index,x_m,y_m,s_m
0,0.000000000,0.000000000,0.000000000
1,0.000000000,0.030000000,0.030000000
2,0.000000000,0.060000000,0.060000000
3,0.000000000,0.090000000,0.090000000
4,0.000000000,0.120000000,0.120000000
5,0.000000000,0.150000000,0.150000000
6,0.000000000,0.180000000,0.180000000
7,0.000000000,0.210000000,0.210000000
8,0.000000000,0.240000000,0.240000000
9,0.000000000,0.270000000,0.270000000
10,0.000000000,0.300000000,0.300000000
11,0.000000000,0.330000000,0.330000000
12,0.000000000,0.360000000,0.360000000
13,0.000000000,0.390000000,0.390000000
14,0.000000000,0.420000000,0.420000000
15,0.000000000,0.450000000,0.450000000
16,0.000000000,0.480000000,0.480000000
17,0.000000000,0.510000000,0.510000000
18,0.000000000,0.540000000,0.540000000
19,0.000000000,0.570000000,0.570000000
20,0.000000000,0.600000000,0.600000000
21,0.000000000,0.630000000,0.630000000
22,0.000000000,0.660000000,0.660000000
23,0.000000000,0.690000000,0.690000000
24,0.000000000,0.720000000,0.720000000
25,0.000000000,0.750000000,0.750000000
26,0.000000000,0.780000000,0.780000000
27,0.000000000,0.810000000,0.810000000
28,0.000000000,0.840000000,0.840000000
29,0.000000000,0.870000000,0.870000000
30,0.000000000,0.900000000,0.900000000
31,0.000000000,0.930000000,0.930000000
32,0.000000000,0.960000000,0.960000000
33,0.000000000,0.990000000,0.990000000
34,0.000000000,1.020000000,1.020000000
35,0.000000000,1.050000000,1.050000000
36,0.000000000,1.080000000,1.080000000
37,0.000000000,1.110000000,1.110000000
38,0.000000000,1.140000000,1.140000000
39,0.000000000,1.170000000,1.170000000
40,0.000000000,1.200000000,1.200000000
41,0.000000000,1.230000000,1.230000000
42,0.000000000,1.260000000,1.260000000
43,0.000000000,1.290000000,1.290000000
44,0.000000000,1.320000000,1.320000000
45,0.000000000,1.350000000,1.350000000
46,0.000000000,1.380000000,1.380000000
47,0.000000000,1.410000000,1.410000000
48,0.000000000,1.440000000,1.440000000
49,0.000000000,1.470000000,1.470000000
50,0.000000000,1.500000000,1.500000000
51,0.000592952,1.529817386,1.529823281
52,0.002370871,1.559587625,1.559646563
53,0.005330945,1.589263644,1.589469844
54,0.009468494,1.618798518,1.619293126
55,0.014776975,1.648145548,1.649116407
56,0.021247995,1.677258329,1.678939689
57,0.028871322,1.706090828,1.708762970
58,0.037634901,1.734597455,1.738586252
59,0.047524876,1.762733136,1.768409533
60,0.058525609,1.790453381,1.798232815
61,0.070619705,1.817714360,1.828056096
62,0.083788040,1.844472967,1.857879378
63,0.098009794,1.870686891,1.887702659
64,0.113262478,1.896314684,1.917525941
65,0.129521976,1.921315821,1.947349222
66,0.146762576,1.945650772,1.977172504
67,0.164957019,1.969281057,2.006995785
68,0.184076535,1.992169312,2.036819067
69,0.204090892,2.014279346,2.066642348
70,0.224968444,2.035576199,2.096465630
71,0.246676179,2.056026196,2.126288911
72,0.269179772,2.075597002,2.156112193
73,0.292443640,2.094257670,2.185935474
74,0.316431000,2.111978694,2.215758756
75,0.341103921,2.128732055,2.245582037
76,0.366423391,2.144491260,2.275405319
77,0.392349374,2.159231393,2.305228600
78,0.418840876,2.172929145,2.335051882
79,0.445856009,2.185562859,2.364875163
80,0.473352057,2.197112556,2.394698445
81,0.501285541,2.207559975,2.424521726
82,0.529612294,2.216888596,2.454345008
83,0.558287526,2.225083669,2.484168289
84,0.587265894,2.232132236,2.513991571
85,0.616501578,2.238023151,2.543814852
86,0.645948351,2.242747100,2.573638134
87,0.675559651,2.246296613,2.603461415
88,0.705288656,2.248666078,2.633284697
89,0.735088359,2.249851747,2.663107978
90,0.764911641,2.249851747,2.692931260
91,0.794711344,2.248666078,2.722754541
92,0.824440349,2.246296613,2.752577823
93,0.854051649,2.242747100,2.782401104
94,0.883498422,2.238023151,2.812224386
95,0.912734106,2.232132236,2.842047667
96,0.941712474,2.225083669,2.871870949
97,0.970387706,2.216888596,2.901694230
98,0.998714459,2.207559975,2.931517512
99,1.026647943,2.197112556,2.961340793
100,1.054143991,2.185562859,2.991164075
101,1.081159124,2.172929145,3.020987356
102,1.107650626,2.159231393,3.050810638
103,1.133576609,2.144491260,3.080633919
104,1.158896079,2.128732055,3.110457201
105,1.183569000,2.111978694,3.140280482
106,1.207556360,2.094257670,3.170103764
107,1.230820228,2.075597002,3.199927045
108,1.253323821,2.056026196,3.229750327
109,1.275031556,2.035576199,3.259573608
110,1.295909108,2.014279346,3.289396890
111,1.315923465,1.992169312,3.319220171
112,1.335042981,1.969281057,3.349043453
113,1.353237424,1.945650772,3.378866734
114,1.370478024,1.921315821,3.408690016
115,1.386737522,1.896314684,3.438513297
116,1.401990206,1.870686891,3.468336579
117,1.416211960,1.844472967,3.498159860
118,1.429380295,1.817714360,3.527983142
119,1.441474391,1.790453381,3.557806423
120,1.452475124,1.762733136,3.587629705
121,1.462365099,1.734597455,3.617452986
122,1.471128678,1.706090828,3.647276268
123,1.478752005,1.677258329,3.677099549
124,1.485223025,1.648145548,3.706922831
125,1.490531506,1.618798518,3.736746112
126,1.494669055,1.589263644,3.766569394
127,1.497629129,1.559587625,3.796392675
128,1.499407048,1.529817386,3.826215957
129,1.500000000,1.500000000,3.856039238
130,1.500000000,1.470000000,3.886039238
131,1.500000000,1.440000000,3.916039238
132,1.500000000,1.410000000,3.946039238
133,1.500000000,1.380000000,3.976039238
134,1.500000000,1.350000000,4.006039238
135,1.500000000,1.320000000,4.036039238
136,1.500000000,1.290000000,4.066039238
137,1.500000000,1.260000000,4.096039238
138,1.500000000,1.230000000,4.126039238
139,1.500000000,1.200000000,4.156039238
140,1.500000000,1.170000000,4.186039238
141,1.500000000,1.140000000,4.216039238
142,1.500000000,1.110000000,4.246039238
143,1.500000000,1.080000000,4.276039238
144,1.500000000,1.050000000,4.306039238
145,1.500000000,1.020000000,4.336039238
146,1.500000000,0.990000000,4.366039238
147,1.500000000,0.960000000,4.396039238
148,1.500000000,0.930000000,4.426039238
149,1.500000000,0.900000000,4.456039238
150,1.500000000,0.870000000,4.486039238
151,1.500000000,0.840000000,4.516039238
152,1.500000000,0.810000000,4.546039238
153,1.500000000,0.780000000,4.576039238
154,1.500000000,0.750000000,4.606039238
155,1.500000000,0.720000000,4.636039238
156,1.500000000,0.690000000,4.666039238
157,1.500000000,0.660000000,4.696039238
158,1.500000000,0.630000000,4.726039238
159,1.500000000,0.600000000,4.756039238
160,1.500000000,0.570000000,4.786039238
161,1.500000000,0.540000000,4.816039238
162,1.500000000,0.510000000,4.846039238
163,1.500000000,0.480000000,4.876039238
164,1.500000000,0.450000000,4.906039238
165,1.500000000,0.420000000,4.936039238
166,1.500000000,0.390000000,4.966039238
167,1.500000000,0.360000000,4.996039238
168,1.500000000,0.330000000,5.026039238
169,1.500000000,0.300000000,5.056039238
170,1.500000000,0.270000000,5.086039238
171,1.500000000,0.240000000,5.116039238
172,1.500000000,0.210000000,5.146039238
173,1.500000000,0.180000000,5.176039238
174,1.500000000,0.150000000,5.206039238
175,1.500000000,0.120000000,5.236039238
176,1.500000000,0.090000000,5.266039238
177,1.500000000,0.060000000,5.296039238
178,1.500000000,0.030000000,5.326039238
179,1.500000000,0.000000000,5.356039238
180,1.499407048,-0.029817386,5.385862520
181,1.497629129,-0.059587625,5.415685801
182,1.494669055,-0.089263644,5.445509083
183,1.490531506,-0.118798518,5.475332364
184,1.485223025,-0.148145548,5.505155646
185,1.478752005,-0.177258329,5.534978927
186,1.471128678,-0.206090828,5.564802209
187,1.462365099,-0.234597455,5.594625490
188,1.452475124,-0.262733136,5.624448772
189,1.441474391,-0.290453381,5.654272053
190,1.429380295,-0.317714360,5.684095335
191,1.416211960,-0.344472967,5.713918616
192,1.401990206,-0.370686891,5.743741898
193,1.386737522,-0.396314684,5.773565179
194,1.370478024,-0.421315821,5.803388461
195,1.353237424,-0.445650772,5.833211742
196,1.335042981,-0.469281057,5.863035024
197,1.315923465,-0.492169312,5.892858305
198,1.295909108,-0.514279346,5.922681587
199,1.275031556,-0.535576199,5.952504868
200,1.253323821,-0.556026196,5.982328150
201,1.230820228,-0.575597002,6.012151431
202,1.207556360,-0.594257670,6.041974713
203,1.183569000,-0.611978694,6.071797994
204,1.158896079,-0.628732055,6.101621276
205,1.133576609,-0.644491260,6.131444557
206,1.107650626,-0.659231393,6.161267839
207,1.081159124,-0.672929145,6.191091120
208,1.054143991,-0.685562859,6.220914402
209,1.026647943,-0.697112556,6.250737683
210,0.998714459,-0.707559975,6.280560965
211,0.970387706,-0.716888596,6.310384246
212,0.941712474,-0.725083669,6.340207528
213,0.912734106,-0.732132236,6.370030809
214,0.883498422,-0.738023151,6.399854091
215,0.854051649,-0.742747100,6.429677372
216,0.824440349,-0.746296613,6.459500654
217,0.794711344,-0.748666078,6.489323935
218,0.764911641,-0.749851747,6.519147217
219,0.735088359,-0.749851747,6.548970498
220,0.705288656,-0.748666078,6.578793780
221,0.675559651,-0.746296613,6.608617061
222,0.645948351,-0.742747100,6.638440343
223,0.616501578,-0.738023151,6.668263624
224,0.587265894,-0.732132236,6.698086906
225,0.558287526,-0.725083669,6.727910187
226,0.529612294,-0.716888596,6.757733469
227,0.501285541,-0.707559975,6.787556750
228,0.473352057,-0.697112556,6.817380032
229,0.445856009,-0.685562859,6.847203313
230,0.418840876,-0.672929145,6.877026595
231,0.392349374,-0.659231393,6.906849876
232,0.366423391,-0.644491260,6.936673158
233,0.341103921,-0.628732055,6.966496439
234,0.316431000,-0.611978694,6.996319721
235,0.292443640,-0.594257670,7.026143002
236,0.269179772,-0.575597002,7.055966284
237,0.246676179,-0.556026196,7.085789565
238,0.224968444,-0.535576199,7.115612847
239,0.204090892,-0.514279346,7.145436128
240,0.184076535,-0.492169312,7.175259410
241,0.164957019,-0.469281057,7.205082691
242,0.146762576,-0.445650772,7.234905973
243,0.129521976,-0.421315821,7.264729254
244,0.113262478,-0.396314684,7.294552536
245,0.098009794,-0.370686891,7.324375817
246,0.083788040,-0.344472967,7.354199099
247,0.070619705,-0.317714360,7.384022380
248,0.058525609,-0.290453381,7.413845662
249,0.047524876,-0.262733136,7.443668943
250,0.037634901,-0.234597455,7.473492225
251,0.028871322,-0.206090828,7.503315506
252,0.021247995,-0.177258329,7.533138788
253,0.014776975,-0.148145548,7.562962069
254,0.009468494,-0.118798518,7.592785351
255,0.005330945,-0.089263644,7.622608632
256,0.002370871,-0.059587625,7.652431914
257,0.000592952,-0.029817386,7.682255195
258,0.000000000,-0.000000000,7.712078477
